user_id,email,password,handle
1,bsandbrook0@umich.edu,kconnikie0,athebeau0
2,cdelort1@army.mil,hlight1,ieccersley1
3,fmourant2@purevolume.com,gvirgin2,dmcpartling2
4,ecustance3@tuttocitta.it,igrafhom3,gworssam3
5,cloudyan4@technorati.com,mkirstein4,mnash4
6,zzumfelde5@etsy.com,pwisden5,kbraley5
7,cpowney6@omniture.com,jwigfield6,kstaton6
8,arulf7@webs.com,bramshaw7,labba7
9,aminette8@ezinearticles.com,crisman8,fketch8
10,skilcullen9@macromedia.com,dsiney9,tbavridge9
11,lshinfielda@theglobeandmail.com,mlidstera,btappingtona
12,fclowtonb@ovh.net,ihedlingb,cmontacuteb
13,ecammoilec@bbc.co.uk,bgeddisc,jmellingsc
14,hmccalumd@godaddy.com,vjeuned,jjedrasd
15,dsimcoxe@tinyurl.com,gbasille,rturnore
16,mmackaigf@last.fm,mmariaultf,kamissf
17,dgabbotg@foxnews.com,rstanesbyg,btearg
18,ckendrickh@about.com,dsiblyh,gmorrillyh
19,farendseni@xing.com,sgovei,eforteni
20,fmccarrellj@amazon.com,dbransgrovej,cbillboroughj
21,wdafyddk@marketwatch.com,oscrivinork,fballsdonk
22,hhowisonl@tuttocitta.it,kbellisl,bdeferrarisl
23,cmulvihillm@utexas.edu,jsteeplesm,gcalteronem
24,gspoolen@hugedomains.com,hsawleyn,dwhyattn
25,maldisso@github.com,cscholfieldo,dpypero
26,avallentinp@storify.com,fcaterp,cflamentp
27,rkrolmanq@bloomberg.com,npostlewhiteq,iklimaszewskiq
28,hfirbanksr@psu.edu,aoakebyr,jtruterr
29,mblanchs@blogspot.com,avlasovs,lchedgeys
30,mbellot@uiuc.edu,rjobet,swarnt
31,kswannacku@w3.org,kavrahamovu,ctitheringtonu
32,shearnshawv@mediafire.com,cbinhamv,glettsv
33,afootw@google.cn,kskusew,dquantw
34,fmatiasekx@qq.com,aklosterx,onoenx
35,lashbyy@geocities.com,bnansomy,gfairleighy
36,vforseithz@sakura.ne.jp,mcurtoysz,edibsdalez
37,kterrett10@earthlink.net,egustus10,hmidson10
38,tlaight11@instagram.com,zenticknap11,fmatityahu11
39,cdeambrosis12@bing.com,sceschelli12,dbeltzner12
40,himesson13@scribd.com,mever13,npadly13
41,dezzle14@harvard.edu,fhargie14,eomalley14
42,saudley15@jigsy.com,beliasen15,rvines15
43,swhetson16@over-blog.com,sburchess16,scoulthard16
44,hhuxstep17@histats.com,pleys17,fgirodier17
45,klaise18@wikia.com,cbrevetor18,fbrugsma18
46,moertzen19@ow.ly,jcristofano19,lgeggus19
47,dtownley1a@loc.gov,estaniforth1a,kodreain1a
48,fleiden1b@ning.com,erivenzon1b,cclem1b
49,jabsalom1c@cornell.edu,nbrazel1c,igentle1c
50,adoman1d@instagram.com,pdevenish1d,jzienkiewicz1d
51,ztakkos1e@simplemachines.org,borsi1e,gashbrook1e
52,weldershaw1f@gov.uk,psutherington1f,mrachuig1f
53,sroblou1g@lulu.com,rhatliffe1g,lfancourt1g
54,bboffey1h@ehow.com,swray1h,bsnodden1h
55,umckeever1i@ca.gov,teasseby1i,tedwardson1i
56,dwarnock1j@unicef.org,labsolom1j,meringey1j
57,dmott1k@bigcartel.com,cagron1k,agrimestone1k
58,bsmitton1l@simplemachines.org,bfyrth1l,bkendell1l
59,lkemmer1m@xinhuanet.com,fcarthy1m,bsesser1m
60,hchessill1n@wikia.com,gcolt1n,iianitti1n
61,estilwell1o@unblog.fr,nping1o,fbouchard1o
62,renbury1p@eventbrite.com,asobey1p,mdietz1p
63,jkewley1q@reddit.com,jmaccaddie1q,achasles1q
64,sbrophy1r@ibm.com,singlis1r,qwindress1r
65,sgleder1s@digg.com,cmatejovsky1s,vgresley1s
66,lgouny1t@yelp.com,lrowberry1t,putley1t
67,eroseburgh1u@hugedomains.com,nwerndley1u,wdullard1u
68,mspier1v@lulu.com,bplows1v,lmilne1v
69,aduffus1w@deviantart.com,spabst1w,nnutting1w
70,ibasire1x@instagram.com,jhandslip1x,elethem1x
71,sconochie1y@1688.com,qcowans1y,tgerling1y
72,sdelafield1z@fda.gov,emccandie1z,ccereceres1z
73,kbrislane20@walmart.com,gbenedtti20,wpidgeon20
74,agraeme21@ovh.net,hvowles21,abudnk21
75,sletty22@ucla.edu,mpetrowsky22,hbodimeade22
76,oemloch23@wordpress.org,dprandini23,jstallon23
77,ijachimak24@examiner.com,cknowles24,mmummery24
78,mpuleque25@howstuffworks.com,mtesto25,hgoaks25
79,edreini26@blogger.com,hmelan26,lpeckett26
80,abrumpton27@addthis.com,ijamrowicz27,bhaggata27
81,mcockitt28@acquirethisname.com,mlawrenceson28,coosthoutdevree28
82,spetrello29@washingtonpost.com,nespy29,bgrimsell29
83,djennions2a@people.com.cn,pgennings2a,wjacox2a
84,mveelers2b@intel.com,mingry2b,lriceards2b
85,daireton2c@state.gov,dwildsmith2c,tdewdney2c
86,edanis2d@pbs.org,iheinemann2d,lwedderburn2d
87,gruslinge2e@yelp.com,eprivost2e,nwimpress2e
88,bheers2f@netlog.com,lcomiam2f,mrobertson2f
89,etorvey2g@dell.com,mizkovici2g,ahardey2g
90,smacken2h@sphinn.com,dfairlaw2h,ctrevan2h
91,tlitzmann2i@amazon.co.uk,fhawken2i,iemnoney2i
92,icarress2j@aboutads.info,jgarrud2j,hadrain2j
93,skelwaybamber2k@bbc.co.uk,obess2k,kmerrigan2k
94,clarcher2l@php.net,nhateley2l,wcromley2l
95,bstubbs2m@etsy.com,nwetherby2m,mnarrie2m
96,ldeeley2n@oracle.com,lrizzo2n,eraddenbury2n
97,kmahady2o@patch.com,mmathivon2o,kkellaway2o
98,gdullaghan2p@google.co.uk,vplimmer2p,mlargent2p
99,sfiander2q@wunderground.com,bbartomieu2q,yunwins2q
100,jchater2r@istockphoto.com,tcolleer2r,rrosenschein2r
101,byonge2s@pinterest.com,bparzizek2s,kradnage2s
102,blawerence2t@istockphoto.com,ncanto2t,ssouthey2t
103,arumke2u@elpais.com,bneising2u,gwalthew2u
104,rjurczak2v@japanpost.jp,cpocklington2v,dhelks2v
105,mhadfield2w@uol.com.br,sbischoff2w,dkrollman2w
106,sbirtwhistle2x@nih.gov,redmondson2x,apegg2x
107,cturpey2y@prnewswire.com,cdalzell2y,fbramont2y
108,jschuricht2z@wired.com,ctetla2z,vchasmor2z
109,rhalleday30@csmonitor.com,chickinbottom30,ccopperwaite30
110,tcheal31@si.edu,hgurley31,kcornwell31
111,pbeedom32@hud.gov,ecabral32,brolse32
112,llisle33@miitbeian.gov.cn,yfellows33,lyglesias33
113,pjeafferson34@reference.com,bmateu34,mpolotti34
114,htreswell35@noaa.gov,aswansborough35,cschulze35
115,oreggiani36@wufoo.com,kballantine36,htute36
116,fcrowth37@ocn.ne.jp,hroly37,pgorelli37
117,jlissandrini38@wp.com,jgerrens38,adawton38
118,mcristofalo39@example.com,triall39,ebrands39
119,rwarrender3a@lycos.com,cmcgiven3a,dmotto3a
120,dmuddle3b@imageshack.us,gshergill3b,nbourdon3b
121,rwaiton3c@printfriendly.com,rmattusov3c,gleeming3c
122,gclowney3d@admin.ch,mquartermaine3d,rmellanby3d
123,cburrett3e@creativecommons.org,jgownge3e,bjochanany3e
124,bstrond3f@ibm.com,khelliker3f,eioselevich3f
125,kfanning3g@techcrunch.com,gmullinder3g,mmcdonnell3g
126,ypenhallurick3h@goodreads.com,knovic3h,lurvoy3h
127,lsygroves3i@nytimes.com,bpenswick3i,erohfsen3i
128,tperkinson3j@geocities.com,tkeeping3j,ebondley3j
129,naspital3k@toplist.cz,blodder3k,lkeavy3k
130,whabble3l@bloglines.com,lthewles3l,lleander3l
131,jbruna3m@is.gd,ovasyukhin3m,hsoeiro3m
132,mharry3n@about.com,rruddlesden3n,cbutlin3n
133,pcoop3o@loc.gov,gdudeney3o,mmackniely3o
134,klanglands3p@rambler.ru,crainsbury3p,nfortescue3p
135,aiuorio3q@ovh.net,zleaves3q,mfancy3q
136,ffranc3r@macromedia.com,kjessel3r,mcaustick3r
137,fsoutherell3s@dion.ne.jp,crissom3s,cmoir3s
138,jlouder3t@census.gov,cpatshull3t,mdurston3t
139,cneeson3u@chronoengine.com,rrosas3u,fennew3u
140,dparradice3v@hao123.com,amaplesden3v,jemanuelov3v
141,aruse3w@netlog.com,lsinson3w,hmcmains3w
142,mbiagini3x@free.fr,anoen3x,bmarzella3x
143,ykellart3y@tamu.edu,legginson3y,sgaliford3y
144,glettuce3z@surveymonkey.com,lpedwell3z,avedeniktov3z
145,fmcgillacoell40@nifty.com,amerkel40,hannand40
146,blippitt41@yandex.ru,coakland41,gdobrowski41
147,ggreally42@furl.net,tsoutherill42,cmielnik42
148,mchalcroft43@storify.com,mbrundill43,mbarbosa43
149,mpalleske44@mediafire.com,dnavan44,tmcglaud44
150,lralton45@addtoany.com,liscowitz45,ocharke45
151,aockwell46@mediafire.com,psheed46,rmilstead46
152,yjunkin47@tiny.cc,dabrahamsohn47,dbaulcombe47
153,smoubray48@china.com.cn,qlachaize48,ecrosswaite48
154,smacphee49@toplist.cz,hesch49,mjosum49
155,cgun4a@mit.edu,gbohlsen4a,vwoollard4a
156,jblankman4b@businessinsider.com,shincks4b,gvennart4b
157,lkeynes4c@comsenz.com,cclayworth4c,ffettes4c
158,dtoth4d@icio.us,ksuffield4d,mcristofolo4d
159,mleger4e@altervista.org,gcalway4e,ibarwell4e
160,lbonsul4f@buzzfeed.com,rfibbit4f,amccafferky4f
161,lmenary4g@narod.ru,mbelvin4g,ahawkey4g
162,sasals4h@aboutads.info,tstuck4h,kleeming4h
163,adarington4i@statcounter.com,vvivash4i,gdoumerc4i
164,lgianolo4j@epa.gov,slowdiane4j,bclohissy4j
165,rbuttwell4k@howstuffworks.com,glucius4k,qpainter4k
166,mschutze4l@disqus.com,ghousiaux4l,vmeiner4l
167,cbastistini4m@google.it,cfigger4m,dgaylor4m
168,mvedikhov4n@feedburner.com,tackred4n,alemon4n
169,jrousell4o@flickr.com,pjumonet4o,efleury4o
170,rhabbergham4p@acquirethisname.com,ccrowley4p,fbuckoke4p
171,mjorat4q@homestead.com,achelnam4q,chunnawill4q
172,sabbiss4r@free.fr,elerhinan4r,ssurr4r
173,btolliday4s@printfriendly.com,fmarwood4s,smacilurick4s
174,finnerstone4t@canalblog.com,wrymell4t,bbulger4t
175,etirkin4u@sakura.ne.jp,cstreak4u,aadenot4u
176,gferrai4v@list-manage.com,mtodhunter4v,hbloor4v
177,odawdry4w@slate.com,gtorrecilla4w,pcronshaw4w
178,ccraisford4x@hc360.com,ftortice4x,cwoofinden4x
179,mhayball4y@icio.us,abrydon4y,hparrot4y
180,dredihough4z@vimeo.com,fmacgauhy4z,rtetlow4z
181,erippin50@ft.com,nmckernon50,ewoosnam50
182,agooderidge51@shareasale.com,bconkie51,lmcdougle51
183,hlorenzini52@google.com.au,jbeagen52,tmaudsley52
184,grobertson53@msu.edu,awise53,sbelward53
185,adennerly54@surveymonkey.com,ikerford54,mambroziak54
186,btranter55@sitemeter.com,smeir55,fsherringham55
187,rgreenham56@eepurl.com,cduguid56,mvermer56
188,ayankov57@wikispaces.com,jmulrooney57,tprugel57
189,rkornilyev58@freewebs.com,mharold58,canshell58
190,ztithecott59@moonfruit.com,sbeveridge59,imoreinu59
191,acollisson5a@harvard.edu,brichard5a,bcroucher5a
192,sbispham5b@arizona.edu,khandley5b,ripsley5b
193,rhaizelden5c@state.gov,pyakolev5c,lbever5c
194,iroyce5d@sbwire.com,brankine5d,esallis5d
195,ofri5e@livejournal.com,jganforthe5e,tlefriec5e
196,fwear5f@so-net.ne.jp,gfarnie5f,kmarchetti5f
197,byansons5g@desdev.cn,hwiper5g,cbeadman5g
198,tcheson5h@com.com,boutridge5h,negerton5h
199,dsherborn5i@liveinternet.ru,tbrizland5i,ddivill5i
200,ksaville5j@msu.edu,skivlehan5j,ctabord5j
201,kmanthorpe5k@biglobe.ne.jp,stremlett5k,gfretwell5k
202,nmcguff5l@squarespace.com,sbruckmann5l,rsiley5l
203,prihanek5m@elpais.com,egildersleaves5m,cdinnington5m
204,kcawdron5n@jiathis.com,lreucastle5n,vfullom5n
205,acamamile5o@twitpic.com,psouth5o,egladden5o
206,cposnett5p@usnews.com,gmulroy5p,bsobey5p
207,rkivelhan5q@nytimes.com,jkeyzman5q,sswane5q
208,astileman5r@chronoengine.com,jhoovart5r,jvanderbrugge5r
209,sdemchen5s@unblog.fr,dphelps5s,mkimbrough5s
210,lrossbrooke5t@jalbum.net,dtolemache5t,msizeland5t
211,rwingatt5u@goodreads.com,tlarderot5u,mlindeberg5u
212,cpenhalurick5v@e-recht24.de,dketton5v,emacgillivrie5v
213,nmilne5w@wp.com,qmagson5w,elawland5w
214,mdalloway5x@nyu.edu,ninworth5x,ipoxson5x
215,hgrisdale5y@independent.co.uk,jriveles5y,smate5y
216,lkemwal5z@stumbleupon.com,gllopis5z,sdanter5z
217,pjoesbury60@gmpg.org,hsimants60,awornham60
218,ekinnen61@dailymotion.com,aboundey61,pstollhofer61
219,wdonan62@youtu.be,btresvina62,tmitton62
220,bquinney63@epa.gov,rdiack63,abetchley63
221,llemanu64@wp.com,oleyland64,isallter64
222,hfosse65@phpbb.com,igillow65,amead65
223,llehon66@digg.com,rtamblingson66,kyabsley66
224,ssandham67@businesswire.com,skrinks67,smccandie67
225,shabard68@globo.com,rgove68,awace68
226,mcrossfield69@yandex.ru,ctrigg69,gamberger69
227,uextill6a@godaddy.com,bwyse6a,lbibbie6a
228,jwalenta6b@theglobeandmail.com,rhorder6b,amustoe6b
229,npaszek6c@buzzfeed.com,gvassie6c,mpiegrome6c
230,scasa6d@ted.com,ablackwell6d,rchasemoore6d
231,tvanyashin6e@ehow.com,gmccleod6e,jmuffitt6e
232,tmithon6f@redcross.org,sgosneye6f,wsyalvester6f
233,erabidge6g@webmd.com,nwavish6g,clodge6g
234,asaddler6h@xing.com,ssargint6h,wparsand6h
235,kfilimore6i@infoseek.co.jp,smasterson6i,awinthrop6i
236,pvannuccini6j@tumblr.com,wfuncheon6j,bware6j
237,cradcliffe6k@deliciousdays.com,aneagle6k,fondrasek6k
238,dbimrose6l@sourceforge.net,hgrimsley6l,bruos6l
239,vschermick6m@webeden.co.uk,hgrinnikov6m,lconstantine6m
240,nmatusson6n@tinypic.com,fraffin6n,esumsion6n
241,tdurham6o@auda.org.au,edougill6o,imannakee6o
242,emarkel6p@fotki.com,rpancoust6p,mmckune6p
243,ccruddas6q@webs.com,csieghard6q,ctye6q
244,majean6r@hao123.com,ukeelin6r,bregnard6r
245,mauton6s@chronoengine.com,hfrancke6s,hwyatt6s
246,vnoone6t@jalbum.net,oech6t,gbuffham6t
247,mpackington6u@ifeng.com,atrewman6u,ngaskarth6u
248,crambaut6v@google.de,nswiffen6v,clake6v
249,brenison6w@sbwire.com,hmcvitty6w,rarlott6w
250,nwoolley6x@canalblog.com,aliquorish6x,aglinde6x
251,mohartagan6y@spiegel.de,dbrough6y,stinto6y
252,bdurdy6z@imageshack.us,msplaven6z,vdainter6z
253,fruf70@symantec.com,rbernardez70,kpoundesford70
254,gfryatt71@dmoz.org,wpenelli71,edeveral71
255,bbrasse72@shop-pro.jp,hsimcock72,vpuddle72
256,ileteve73@blogs.com,rscougall73,tizkoveski73
257,hhymers74@hubpages.com,achecklin74,abrisset74
258,proyle75@last.fm,mashenhurst75,sraisbeck75
259,dsolon76@state.tx.us,ccottham76,ewoodruff76
260,wkeggin77@youku.com,cshatford77,btroyes77
261,jstebbin78@usatoday.com,thernik78,ajeffress78
262,bcarden79@reddit.com,mpidcock79,ccaustic79
263,droseborough7a@nsw.gov.au,ngreggersen7a,hschoroder7a
264,bbeddoes7b@jiathis.com,djira7b,lparrott7b
265,tughi7c@sitemeter.com,lyoselevitch7c,dandino7c
266,cbeverage7d@pinterest.com,slademann7d,fconeybeer7d
267,gshermore7e@vk.com,wbraden7e,xheaseman7e
268,acassimer7f@un.org,lbouzan7f,gnoweak7f
269,jjamot7g@auda.org.au,gpactat7g,wpetruskevich7g
270,mdewdeny7h@bluehost.com,hheymann7h,btarzey7h
271,cnorcross7i@jugem.jp,kkennsley7i,dvigours7i
272,ndrydale7j@webs.com,hlepiscopio7j,leaddy7j
273,gkinastan7k@blogtalkradio.com,kbastick7k,gholsall7k
274,ggirodon7l@uiuc.edu,osmogur7l,lhackwell7l
275,ekupka7m@mlb.com,fvorley7m,cdimitrescu7m
276,kkermode7n@biglobe.ne.jp,vcastilljo7n,fironside7n
277,acayle7o@nih.gov,rrulf7o,jwithinshaw7o
278,gsecretan7p@upenn.edu,fsouthall7p,jstares7p
279,smcgucken7q@blogspot.com,dhalliwell7q,bwyss7q
280,bkorneluk7r@feedburner.com,ecoultard7r,cryott7r
281,nredford7s@devhub.com,jdearl7s,wstroband7s
282,gbenbow7t@php.net,mandren7t,mroycraft7t
283,cjakoubek7u@dion.ne.jp,eunwin7u,hsollitt7u
284,cmold7v@netvibes.com,hcawker7v,scalloway7v
285,aarnell7w@wikimedia.org,gjosephi7w,chazelden7w
286,amathison7x@dot.gov,dvarns7x,mshynn7x
287,igodon7y@gnu.org,mivanyushin7y,croulston7y
288,bbeaney7z@wikimedia.org,akneller7z,krubinov7z
289,adumbelton80@friendfeed.com,qdevons80,gfawson80
290,cbenck81@yale.edu,kpolle81,acappel81
291,emenham82@ow.ly,epadrick82,msalvatore82
292,mmelville83@a8.net,akubicka83,sgardener83
293,jwhittet84@marriott.com,wmcdermid84,jkniveton84
294,cmarks85@google.de,lwellman85,dfrede85
295,dguilloux86@sitemeter.com,keickhoff86,kdegoix86
296,jlettuce87@issuu.com,rcharles87,mredington87
297,rkilbourn88@ft.com,kmealand88,ezamorrano88
298,lzealey89@elegantthemes.com,wriccardini89,klindstrom89
299,hoxbe8a@acquirethisname.com,kdollin8a,bmandeville8a
300,mgullberg8b@delicious.com,kwilstead8b,bhefferon8b
301,bthrelfall8c@whitehouse.gov,ggaddie8c,bsuermeiers8c
302,mthursfield8d@smugmug.com,sharber8d,cmingasson8d
303,blownds8e@domainmarket.com,sdonovan8e,mthoday8e
304,kknighton8f@lycos.com,fbrandom8f,cnobes8f
305,ktwinn8g@ustream.tv,jlangran8g,nzecchinelli8g
306,mshear8h@phoca.cz,fdew8h,vdyball8h
307,echipman8i@engadget.com,esiney8i,ymcdonell8i
308,wharbach8j@google.cn,vgrandisson8j,mcuphus8j
309,nkennelly8k@ucla.edu,dhumes8k,fmccudden8k
310,ksollett8l@mac.com,rphelps8l,czute8l
311,hdaine8m@princeton.edu,acelez8m,jodell8m
312,kricards8n@flavors.me,hpetrello8n,tkernan8n
313,sreinhart8o@privacy.gov.au,rwealthall8o,cwhitcombe8o
314,bgerry8p@noaa.gov,iricson8p,amccunn8p
315,alintin8q@ebay.co.uk,wrabbitts8q,msextone8q
316,kchiles8r@hao123.com,jwindless8r,kosullivan8r
317,ubartos8s@china.com.cn,loughtright8s,hquinane8s
318,mmason8t@ask.com,bturmell8t,rmorehall8t
319,mworstall8u@rediff.com,tchisman8u,bshirrell8u
320,pbreakey8v@printfriendly.com,dteager8v,kmargett8v
321,kdankersley8w@tmall.com,tcockson8w,pwestoll8w
322,veblein8x@xing.com,dcrafter8x,aflexman8x
323,rmcsorley8y@purevolume.com,ajasper8y,gfleming8y
324,kbrignall8z@nymag.com,gclubley8z,lbartley8z
325,flack90@wsj.com,brobertucci90,kmacrierie90
326,gerrichelli91@com.com,mcaret91,azarb91
327,wtinsley92@goo.gl,mmartignon92,rgianulli92
328,jgann93@java.com,rverson93,nsnozzwell93
329,mtigwell94@engadget.com,kenderson94,ekobu94
330,adurie95@ow.ly,dlillie95,opendleton95
331,sswancock96@yale.edu,egras96,ogipp96
332,jkainz97@independent.co.uk,sgransden97,dreading97
333,cjowsey98@cyberchimps.com,mgoodhall98,qfreke98
334,shampson99@amazonaws.com,seschalotte99,nmeaden99
335,gbohlsen9a@slashdot.org,kbiffin9a,nlillistone9a
336,lmaccartan9b@washington.edu,lholleworth9b,reagleston9b
337,rtopaz9c@webmd.com,tbraizier9c,ltennison9c
338,kmaggillandreis9d@independent.co.uk,lfitzpayn9d,hahmed9d
339,jcokely9e@uol.com.br,cmarkson9e,acollard9e
340,iemery9f@twitpic.com,ibeeble9f,pchallis9f
341,apagitt9g@yellowpages.com,bmitchenson9g,cryall9g
342,okennett9h@utexas.edu,dpietzke9h,ahorsefield9h
343,gpurchall9i@storify.com,adaouze9i,ogiordano9i
344,alissandrini9j@bloglines.com,cstitch9j,tellice9j
345,jproschke9k@cocolog-nifty.com,pyekel9k,mluxton9k
346,rhamlington9l@dagondesign.com,gswiffen9l,trylstone9l
347,dstrettle9m@altervista.org,mlaffin9m,sbloys9m
348,mmatoshin9n@sina.com.cn,ntwopenny9n,adoley9n
349,toene9o@ow.ly,pcurteis9o,idevere9o
350,shotton9p@wikimedia.org,cgeorgeau9p,bluggar9p
351,briches9q@pbs.org,wdegregario9q,htylor9q
352,jmyall9r@archive.org,gmorit9r,kquinion9r
353,bfalloon9s@privacy.gov.au,kvincent9s,tsperry9s
354,rcooksley9t@blogger.com,rpinyon9t,jmundow9t
355,crykert9u@merriam-webster.com,bepple9u,ncuseck9u
356,sdavidovic9v@lycos.com,efebre9v,twaskett9v
357,chenriksson9w@yellowpages.com,astatton9w,deam9w
358,cchellingworth9x@surveymonkey.com,lbiggam9x,lsidden9x
359,fkinghorne9y@t-online.de,cvinas9y,cbrose9y
360,tsoames9z@narod.ru,ghanhart9z,gzannotelli9z
361,mmeesa0@smh.com.au,sbuddinga0,gflucksa0
362,bbera1@princeton.edu,rlovelessa1,calvina1
363,lquineya2@opera.com,htorta2,smoralisa2
364,tbibbiea3@fema.gov,mbyrda3,llabela3
365,hcrosfielda4@photobucket.com,bgorinia4,sfirebracea4
366,aroddya5@irs.gov,ibarnesa5,rharcusa5
367,ljaina6@wix.com,ahowcrofta6,mburchera6
368,crableya7@4shared.com,rspirea7,tstetsona7
369,lsedwicka8@who.int,ablowfeldea8,csabbertona8
370,lpetegreea9@techcrunch.com,jbaseggioa9,gsnodena9
371,rlampelaa@washington.edu,gtroopaa,sduddinaa
372,ydivillab@umich.edu,kgeraudelab,pbulbrookab
373,mtwelvetreeac@chron.com,atorbardac,ktozerac
374,nstannusad@webmd.com,rsignoretad,clavisad
375,hpollenae@ca.gov,alithcowae,gmettsae
376,hoxenhamaf@ehow.com,cpointinaf,jlavellaf
377,rkenrightag@oracle.com,enovotniag,djeandetag
378,apyffeah@sfgate.com,mrichah,otowardah
379,agoodlettai@tuttocitta.it,lroocroftai,dchicchettoai
380,lgrigoryovaj@yale.edu,gkeaseyaj,bspellesyaj
381,mridwoodak@nih.gov,astickleyak,ttolletak
382,aierlandal@sbwire.com,hbesteal,nbraywoodal
383,jtattersallam@networksolutions.com,mdiganam,rgarritam
384,ksherwoodan@imdb.com,cbettlestonean,bguddan
385,fbromleyao@addtoany.com,greadwingao,rjelkao
386,mvaneschiap@meetup.com,ftarlingap,rsirrellap
387,lradborneaq@examiner.com,lcracknellaq,nkeyhoeaq
388,cstatonar@bluehost.com,nhucksteppar,lwatsamar
389,mmowleas@nasa.gov,hjeuneas,lmcgillacoellas
390,cgreschkeat@geocities.jp,mduligallat,dtompkinsat
391,hlambrichtau@tumblr.com,faxtonau,ncamblinau
392,bwestropeav@photobucket.com,gcaneteav,arushmanav
393,pmurdochaw@samsung.com,vcruttendenaw,idilkeaw
394,astrussax@arstechnica.com,ghowsamax,csambathax
395,pmanifielday@scribd.com,jpattemoreay,olelliottay
396,dbehningaz@rambler.ru,npreeceaz,cmcvityaz
397,fbamlettb0@twitter.com,abellchamberb0,dgonzalob0
398,raymericb1@moonfruit.com,tseeksb1,jspadarib1
399,mbulterb2@dailymail.co.uk,bsnodingb2,bmacpeakeb2
400,bwinkworthb3@imgur.com,achaineyb3,pwoanb3
401,cgolsonb4@marriott.com,sfreckeltonb4,gjannexb4
402,kcarlisleb5@paginegialle.it,zhuygeb5,rgotchb5
403,rmarunchakb6@cam.ac.uk,msimenelb6,sbairnsfatherb6
404,mairsb7@ucoz.ru,zdenidgeb7,amanwaringb7
405,aachrameevb8@sphinn.com,mandriulisb8,bdaltreyb8
406,hleeteb9@ocn.ne.jp,mdrohunb9,tswateridgeb9
407,mbromwichba@t.co,bfiveashba,alafflinba
408,glimpertzbb@imgur.com,hburgisibb,dvaslerbb
409,cbrunibc@slideshare.net,cminchellbc,iphilipsenbc
410,sprandinbd@last.fm,tolesenbd,tebournebd
411,dpessoltbe@clickbank.net,jglantzbe,ogasnollbe
412,mdigbybf@arizona.edu,rforcebf,abonwellbf
413,cthorpbg@nps.gov,rtredgetbg,mchimentibg
414,ukinderbh@disqus.com,jthomsonbh,tkliementbh
415,tneweybi@wp.com,rfeeherybi,kmcgrawbi
416,fruscoebj@com.com,fluddybj,mduchambj
417,ivacherbk@a8.net,dgoodbannebk,mdechelettebk
418,aliddicoatbl@360.cn,mbertolinbl,jlillicropbl
419,chaydneybm@mysql.com,bansillbm,gvedyaevbm
420,gisakssonbn@cbc.ca,kfairhurstbn,bporsonbn
421,hrosbottombo@moonfruit.com,cbrindedbo,itomaellobo
422,bilembp@time.com,rfiddymentbp,khughsonbp
423,mtimmisbq@tumblr.com,yhanselmannbq,hdalleybq
424,afreynebr@chronoengine.com,lwapplingtonbr,ttidybr
425,evernaubs@fda.gov,amoiserbs,ntraynorbs
426,ainsworthbt@yahoo.co.jp,fgodbaldbt,ndupoybt
427,wscritchbu@yahoo.com,jgounotbu,lcumberledgebu
428,aellicockbv@forbes.com,thartrightbv,estenbridgebv
429,ageorgelinbw@irs.gov,silievebw,aleschellebw
430,psaddletonbx@unc.edu,csacazebx,bredrupbx
431,lsquireby@creativecommons.org,clukovicby,btrumpeterby
432,afitchenbz@usa.gov,cgoodluckbz,fcoltartbz
433,hmacwhirterc0@globo.com,cpulleyc0,mgilbeyc0
434,nfoottitc1@craigslist.org,bwainec1,dcushec1
435,vworgec2@mtv.com,tsaintepaulc2,hcowperc2
436,mfitchettc3@google.co.uk,shendrickxc3,aducec3
437,facec4@bloglines.com,jbothenc4,pwickrathc4
438,khunnywellc5@godaddy.com,bjuszkiewiczc5,dvantc5
439,proothamc6@yellowbook.com,rgoatmanc6,wboschc6
440,nhendonsonc7@sakura.ne.jp,smoanc7,dedridgec7
441,bseilmannc8@discovery.com,skibbeec8,kavarnec8
442,wsimoc9@unesco.org,snaseyc9,rgianneschic9
443,egrigorioca@elpais.com,icalwayca,pbastianca
444,lkilbridecb@qq.com,dgraysoncb,shuckercb
445,pmacintyrecc@walmart.com,gandrisscc,lgeillcc
446,fgudgincd@chronoengine.com,lundrellcd,twolfecd
447,sforseyce@un.org,abuddlesce,lhawkeyce
448,bbalassacf@pbs.org,sdowderswellcf,hgodsoncf
449,mmacgruercg@nih.gov,mbygatecg,jpeacg
450,gtaltonch@fc2.com,vbellhangerch,lbollesch
451,aackensonci@cnbc.com,tlostyci,gantczakci
452,cgareisrcj@reverbnation.com,rgounardcj,dedlandcj
453,rswinglehurstck@sciencedirect.com,tmaneylawsck,facremanck
454,pcocklingcl@purevolume.com,somondcl,hlippocl
455,cavanncm@latimes.com,scuretoncm,jtillyercm
456,mrosettinicn@vinaora.com,hlambregtscn,sdockercn
457,scowndleyco@xrea.com,ntappingco,bgatheralco
458,ndeexcp@google.cn,swillgoosecp,pgummercp
459,ganscombecq@addthis.com,vbielfeldtcq,ewilflingercq
460,lpatchettcr@dell.com,sgosdencr,whargrovescr
461,idallaghancs@toplist.cz,fbalsomcs,ssimantscs
462,mpirotct@hubpages.com,tantonaccict,crosect
463,dcochercu@com.com,moshieldscu,wmacskeaghancu
464,bshipperbottomcv@ucla.edu,jchorleycv,kvedekhovcv
465,dklosacw@twitpic.com,dfadiancw,rcromartycw
466,blantophcx@yelp.com,evannuccinicx,halthamcx
467,sridsdalecy@mediafire.com,clegricecy,wlazenbycy
468,ncornwellcz@jugem.jp,avintercz,jwarincz
469,ofarthingd0@angelfire.com,vchillingworthd0,wriggsd0
470,gdaishd1@livejournal.com,aleeked1,gcolreind1
471,cdicked2@wikia.com,bschollerd2,fcockerhamd2
472,kallrightd3@accuweather.com,abeebyd3,apessoltd3
473,ebertheld4@intel.com,dcoppod4,lawcoated4
474,ecarmeld5@smh.com.au,tgoggend5,lclearsd5
475,agrassind6@diigo.com,erickertd6,mcarmeld6
476,alaugharned7@deviantart.com,cwardd7,alatekd7
477,nconend8@over-blog.com,tcaded8,sgregord8
478,wblaberd9@stanford.edu,vbonsond9,olongthornd9
479,pscartifieldda@house.gov,wmunroda,bgobelda
480,hseabournedb@google.com,skellegherdb,crowlindb
481,ltumpanedc@mac.com,wfittdc,lpetteforddc
482,adiclaudiodd@oaic.gov.au,tmarkhamdd,swoodcraftdd
483,fharesignde@exblog.jp,milyinskide,lheeronde
484,zmapsondf@google.ca,jyessondf,cchippingdf
485,bhandsdg@kickstarter.com,oruppertzdg,kmencodg
486,rfaberdh@angelfire.com,rolekhovdh,kgoomesdh
487,lshinglerdi@linkedin.com,kshiredi,sgovenlockdi
488,sadamdj@ucla.edu,ddesforgesdj,koultramdj
489,sgregolindk@yelp.com,rkeirledk,stucknottdk
490,cillistondl@moonfruit.com,dpettkodl,oreaydl
491,dstrelitzerdm@google.ca,nhuniwalldm,abritneydm
492,nvanarsdalldn@themeforest.net,dswiggerdn,hstanhopedn
493,adaventrydo@wordpress.com,elougheeddo,vlarwelldo
494,llardnerdp@gravatar.com,bbarlingdp,pkiesseldp
495,ethorndaledq@hc360.com,jeslanddq,aarchibalddq
496,rdeluedr@goo.gl,cgaitonedr,vborwickdr
497,kivashkinds@photobucket.com,bprewds,laplinds
498,bsimmonitedt@google.com.hk,jkevanedt,bmincherdt
499,rmattinsondu@fema.gov,stumayandu,agaddesdu
500,rjanochdv@thetimes.co.uk,fpeggramdv,alemmersdv
501,rwhittadw@4shared.com,asimionescudw,tmiddledw
502,qlugtondx@surveymonkey.com,hgregolindx,kthickettdx
503,jramirezdy@princeton.edu,sflecknessdy,aattoedy
504,codonohoedz@flavors.me,jdomencdz,khylandsdz
505,abeeke0@apple.com,btrusslovee0,rlonghirste0
506,sstaubyne1@symantec.com,learlame1,stocquevillee1
507,lmacteggarte2@rambler.ru,scullingforde2,fmacgeee2
508,tgelemane3@gnu.org,hgalwaye3,wadnee3
509,ngerge4@friendfeed.com,cbrunsdene4,rcatlettee4
510,eputtname5@printfriendly.com,vbamblette5,scasinoe5
511,rfarlambee6@sogou.com,jelmhirste6,crancee6
512,tmarse7@seesaa.net,fscanterburye7,esemense7
513,dstrafene8@dell.com,bkingswoode8,ybroomheade8
514,evakhrusheve9@vinaora.com,kallbrooke9,tcastanarese9
515,vallsoppea@newyorker.com,oshekleea,swaycotea
516,ypiggremeb@vistaprint.com,nswatoneb,smcallaneb
517,mmetcalfeec@netlog.com,mcobonec,vlosemannec
518,todamed@pen.io,wmaced,ohurcheed
519,cmunneryee@goo.gl,kgrinstedee,shamsheree
520,cmenhamef@archive.org,dfinnanef,sbattailleef
521,bmacdermoteg@si.edu,aspackmaneg,kpuveeg
522,cnervaleh@marriott.com,vgianeh,sarletteh
523,aalldridgeei@ox.ac.uk,jinottei,adawleyei
524,rgairej@jigsy.com,esimysonej,gbuxamej
525,gbrownswordek@gnu.org,jvuitteek,swanneek
526,jpinnigerel@prnewswire.com,bblackburnel,ehurdedgeel
527,bwyrallem@netvibes.com,aparkhouseem,bwhottonem
528,kfoucaren@census.gov,grosenkrancen,nepgraveen
529,hcoraineo@nba.com,jschimkeeo,pmuckloeeo
530,emacascaidhep@accuweather.com,wwalneep,dkingslyep
531,jwormseq@skyrock.com,bturrelleq,sbetkeeq
532,cgregorettier@baidu.com,dpendrigher,bpooneer
533,ggreenhaughes@nps.gov,mdreossies,hbeazleighes
534,estegellet@amazon.com,pbisphamet,bnesbyet
535,cmussoeu@va.gov,vscreatoneu,eseamoneu
536,gstonardev@spotify.com,sabramsonev,rbatrickev
537,lromerew@mashable.com,hmaudittew,vsilvermannew
538,gfibbensex@uol.com.br,kklimaszewskiex,jploughwrightex
539,lmccordey@independent.co.uk,dbleasdaleey,wruppey
540,bmacalisterez@usa.gov,pnesterovez,bbasketfieldez
541,tguyanf0@nhs.uk,jkelkf0,gsipsonf0
542,hwilkennsonf1@discuz.net,pbwyf1,apoggf1
543,wgalpenf2@marriott.com,rcollerdf2,blambshinef2
544,chawneyf3@epa.gov,ewilloxf3,dtanmanf3
545,vwrothf4@woothemes.com,tschusterlf4,hhurdidgef4
546,pivanichevf5@dyndns.org,falesf5,bspongf5
547,hboutellf6@quantcast.com,tabsalomf6,dklassf6
548,lstivenf7@alexa.com,idurekf7,cdootsonf7
549,olindwasserf8@ucla.edu,cstaceyf8,tjosowitzf8
550,jlacazef9@posterous.com,khousegoef9,hwanekf9
551,dkarpmanfa@google.com,jmclardiefa,btornsfa
552,aperchardfb@mysql.com,nfriselfb,wbrearleyfb
553,tcallawayfc@chicagotribune.com,cbrennandfc,sjoanfc
554,sgillmanfd@twitpic.com,pdaubneyfd,tfaynefd
555,arolandfe@gravatar.com,hcobbingfe,bifflandfe
556,mquernelff@reverbnation.com,kmacnabff,cbrownleeff
557,vcommuccifg@ehow.com,bdmytrykfg,vyellfg
558,ggrewfh@geocities.com,escullyfh,ltallentfh
559,tgawkesfi@shutterfly.com,htrenamanfi,eralfefi
560,mkopfj@altervista.org,bdablinfj,aantonovicfj
561,rchaytorfk@acquirethisname.com,phevnerfk,nbeagleyfk
562,cpelmanfl@nasa.gov,okobierzyckifl,ablibenfl
563,pgartsidefm@hubpages.com,jglenwrightfm,ufoundsfm
564,ethirskfn@redcross.org,wguislinfn,ebrydiefn
565,bslorafo@edublogs.org,rgrimsdellfo,kscowcroftfo
566,bcoplestonefp@hostgator.com,wfreefp,kclairefp
567,rhubbuckfq@furl.net,gsellmanfq,ddurradfq
568,kfoxtonfr@icio.us,mpurselowefr,gpiperfr
569,rwinfindinefs@scientificamerican.com,vhorseyfs,tgoarefs
570,fmacalesterft@pcworld.com,aluesleyft,kfilimoreft
571,croftfu@delicious.com,omcmullenfu,nphythienfu
572,msunnexfv@mlb.com,abiaggellifv,modellfv
573,faleksidzefw@google.co.jp,egioanifw,tsadatfw
574,cklulicekfx@independent.co.uk,tcotthamfx,jeighteenfx
575,jingarfieldfy@arizona.edu,sheppnerfy,apeddersenfy
576,bgearingfz@123-reg.co.uk,mcamplinfz,jkuhlenfz
577,kbehlingg0@devhub.com,lwhardleyg0,jstanyong0
578,ibennisong1@globo.com,lfarrawayg1,iswaing1
579,cmenloeg2@blogtalkradio.com,phawkerg2,siddiensg2
580,lilyushking3@tamu.edu,vmurdochg3,ksessunsg3
581,nantcliffeg4@sitemeter.com,cshadwickg4,sscrannageg4
582,mmcganng5@simplemachines.org,agottsg5,dboyallg5
583,iekkelg6@earthlink.net,cscadingg6,ctotarog6
584,dpyfordg7@craigslist.org,dresdaleg7,pmithamg7
585,bbortolig8@nsw.gov.au,kbutg8,tifflandg8
586,apadillog9@census.gov,mhonigg9,ftorbeckg9
587,csibunga@usatoday.com,ntabbittga,ddedmanga
588,mkennealygb@google.co.uk,gtailbygb,ckleimtgb
589,dhyndesgc@mapquest.com,kadelgc,nbimgc
590,sdeanegd@yellowpages.com,gflugergd,lszymongd
591,lcromptonge@apple.com,ppaolonege,jjurkiewiczge
592,fduestergf@github.io,kjeannessongf,mtellwrightgf
593,cbloodgg@usa.gov,fgrunsongg,ylinkletgg
594,tdmtrovicgh@webs.com,iquogangh,wbyfieldgh
595,idelosgi@goo.ne.jp,fsarsonsgi,mlockittgi
596,dtourvillegj@bloglines.com,esellygj,bucceligj
597,lsomerbellgk@is.gd,ftolomelligk,mlangloisgk
598,kgibbygl@blogspot.com,jbrokegl,ibowlergl
599,lsanpergm@harvard.edu,vshanklingm,dduseygm
600,lrobotthamgn@webs.com,cashtongn,oripongn
601,rmarksgo@boston.com,ashannongo,mgilardengogo
602,didneygp@tumblr.com,pbevirgp,hskehensgp
603,mkrystofgq@icq.com,agarrettsongq,kseekingsgq
604,wrobrosegr@msn.com,bmillottgr,bpedroligr
605,rarndtsengs@oaic.gov.au,akasergs,ehavershamgs
606,hburghillgt@bloomberg.com,dterrettgt,rferrigt
607,mgoldsbygu@ycombinator.com,jstangroomgu,ebickardikegu
608,hcappellgv@vkontakte.ru,mkeizmangv,eravengv
609,dmcilvennygw@nhs.uk,yformiegw,ldiklesgw
610,rlambshinegx@amazon.de,ksymcoxegx,apiattigx
611,sabrygy@wikia.com,sdoxseygy,sgilvarygy
612,dmanginotgz@nature.com,goconnollygz,mbrysongz
613,gcarverhillh0@mlb.com,mknevetth0,rmcelaneh0
614,ihigginbottamh1@ca.gov,raskieh1,gblackahh1
615,gkupkerh2@dedecms.com,gjeuneh2,bhannumh2
616,gbeachh3@parallels.com,chartzogsh3,hcorringhamh3
617,rwimleth4@stumbleupon.com,tproudmanh4,evarnhamh4
618,crodenh5@woothemes.com,acheavinh5,hkeath5
619,psuttlingh6@bloomberg.com,kvenush6,abarabichh6
620,lwimpeyh7@elpais.com,filyushkinh7,lbrammarh7
621,blocketh8@blog.com,ddavidsohnh8,mstonebanksh8
622,jtilleh9@ucla.edu,tnorthidgeh9,sbeineh9
623,ibenfordha@macromedia.com,fspurrettha,aschwandermannha
624,lmacdermotthb@gmpg.org,rluxmoorehb,cmariyushkinhb
625,aharsanthc@ted.com,sglasspoolehc,charrishc
626,djahndelhd@time.com,egaganhd,lgodspedehd
627,shaworthhe@list-manage.com,pstclairhe,rmcquilliamhe
628,rtorricinahf@umn.edu,egreatbachhf,jhetterichhf
629,rmcroriehg@macromedia.com,iarrowsmithhg,pmccambridgehg
630,hbrogihh@exblog.jp,efarreshh,cellwoodhh
631,eshardlowhi@wikispaces.com,mpawsonhi,tbichenohi
632,nabramowhj@seesaa.net,alysthj,daxuphj
633,trestorickhk@skyrock.com,ssimonnethk,msallterhk
634,vgerritzenhl@nydailynews.com,nbrookeshl,dhargroveshl
635,hfasshm@fotki.com,cmaplehm,hposchelhm
636,astickingshn@gmpg.org,cissetthn,cgermonhn
637,ostiggerho@imgur.com,plackintonho,mmeynellho
638,bchidzoyhp@tuttocitta.it,keasterhp,rwilcinskishp
639,fmacdaidhq@drupal.org,twestropehq,stomankowskihq
640,warrundalehr@paginegialle.it,dmccraehr,msevernshr
641,agittishs@wp.com,rledwardhs,wscroxtonhs
642,shaitlieht@naver.com,gaskhamht,ukiddeht
643,mgilpinhu@issuu.com,kwillanhu,oavohu
644,cplummhv@ask.com,hlawsonhv,sfrancombehv
645,akersshw@princeton.edu,bmanochhw,mrowbothamhw
646,hisacssonhx@storify.com,dmawhinneyhx,bduckerinhx
647,rgreswellhy@epa.gov,wmorfetthy,diglesiahy
648,imccloughlinhz@amazon.de,obailisshz,cnutbeemhz
649,tlydfordi0@icio.us,tskirvini0,bulyatti0
650,dkurti1@themeforest.net,jhoweyi1,ykoseli1
651,tgeevesi2@webeden.co.uk,gfebrei2,lhauxwelli2
652,rchartrei3@tinyurl.com,mkunati3,ctrevainsi3
653,bmcniffi4@mapy.cz,grottei4,gdurniani4
654,nlibrii5@i2i.jp,rbrennandi5,oblackmoori5
655,pmantionei6@cam.ac.uk,molletti6,rlamperdi6
656,astarcksi7@squidoo.com,bdalmoni7,iadcocksi7
657,bleaburni8@multiply.com,mgalliardi8,efryersi8
658,bdutnelli9@addthis.com,acrati9,lshillsi9
659,mstreightia@w3.org,moclearyia,hhedgemania
660,alamploughib@trellian.com,krittmeyerib,bmccorryib
661,hwiltonic@shareasale.com,pfrenschic,fmatschossic
662,ahatcherid@360.cn,bpattieid,rkinneallyid
663,alahiffie@shareasale.com,sgonie,tbatchie
664,jfalcoif@imgur.com,rmacshirrieif,tgeraldoif
665,bfargherig@psu.edu,meatttokig,ostannersig
666,mlejeanih@earthlink.net,rclapshawih,sgookih
667,ncamousii@theglobeandmail.com,jdressellii,itubridyii
668,bvedeniktovij@oaic.gov.au,tsemoninij,mbottlesonij
669,dbiffenik@apache.org,rpagettik,ltreadwellik
670,ymulqueenil@pbs.org,dwhitmarshil,aheadingtonil
671,bskillenim@gov.uk,rstollim,jflexmanim
672,anecrewsin@ning.com,kfibbingsin,aarrowin
673,ajoreauio@parallels.com,blemerchantio,sduffynio
674,krunnallsip@google.it,njakubovskyip,ktchaikovskyip
675,jmantziq@google.com.au,dandreiniiq,mseagroveiq
676,pchanterir@goodreads.com,ssilverir,lbustinir
677,ecardenasis@soup.io,ehendrixis,ejoanicis
678,csnaithit@opera.com,ctreacherit,ttrenowethit
679,pdanforthiu@state.gov,flampartiu,tspadottoiu
680,nfosserdiv@omniture.com,tsirediv,nportwaineiv
681,amcisaaciw@ox.ac.uk,nosherriniw,ttatheriw
682,dmohunix@pbs.org,dgenckeix,amiguetix
683,dstroderiy@is.gd,lguysiy,ndemicheleiy
684,ksallengeriz@thetimes.co.uk,crominoviz,rrevanceiz
685,hleijsj0@scientificamerican.com,msuddellj0,bpenniellj0
686,swiltshearj1@linkedin.com,jtrappej1,khalesworthj1
687,tcortinj2@ocn.ne.jp,jbrickseyj2,gbottrellj2
688,gdecrusej3@wordpress.org,cbayliej3,tkrollmanj3
689,ohartinj4@marriott.com,csomertonj4,gquerreej4
690,csproulj5@squarespace.com,ksebrightj5,sonionj5
691,lpetersenj6@cdbaby.com,meselj6,eliej6
692,jfintophj7@digg.com,thelianj7,mgaughanj7
693,mshatliffej8@macromedia.com,mbonnierj8,sfaircliffej8
694,mdevillierj9@theatlantic.com,awayvillj9,njeandetj9
695,crickardesja@sfgate.com,ekliemchenja,snorthgravesja
696,chuntejb@xrea.com,kcauthrajb,ldematteijb
697,pnorkuttjc@dmoz.org,cjeandeaujc,ddosdilljc
698,aacklandjd@sun.com,igrunsonjd,amuzzijd
699,cryrieje@yahoo.co.jp,ifynnje,adescoffierje
700,pfullerjf@cnet.com,wstathamjf,fmerlinjf
701,teallesjg@chicagotribune.com,gschulzjg,kforstalljg
702,fcumbesjh@geocities.jp,mselbiejh,brodmanjh
703,tbarreauji@arstechnica.com,wjurekji,spitceathlyji
704,dsolomonidesjj@fema.gov,mrusbridgejj,pelsayjj
705,lharborowjk@wikimedia.org,gcostijk,thansilljk
706,jbothramjl@latimes.com,rtittletrossjl,aslevinjl
707,fromushkinjm@accuweather.com,dcatheejm,ejankowskijm
708,afairalljn@liveinternet.ru,atailourjn,dfowkesjn
709,fgoldsonjo@php.net,dcolquitjo,odockwrayjo
710,cguidojp@technorati.com,rvandenveldejp,rfrickejp
711,mkorbajq@dagondesign.com,gbickerstethjq,dschurckejq
712,icerithjr@foxnews.com,jcrichleyjr,srabbetjr
713,afeldbergjs@va.gov,gjohnceyjs,bleavesjs
714,cneedsjt@360.cn,ldukelowjt,ipeskinjt
715,atenpennyju@baidu.com,tjevonsju,rroebottomju
716,ialpejv@abc.net.au,sasipenkojv,apantridgejv
717,kjankinjw@hostgator.com,cfallajw,brickerdjw
718,ilowersonjx@opera.com,fhughfjx,ajedrysikjx
719,hdoolandjy@shinystat.com,hschultesjy,ttytjy
720,tlongfootjz@ask.com,malesinjz,bosbandjz
721,dfutterk0@list-manage.com,gscallonk0,gbarcak0
722,mgobellk1@theatlantic.com,bdedomenicisk1,astudeartk1
723,kpickrillk2@disqus.com,dannesk2,cstonuaryk2
724,nmarcussenk3@time.com,gstratfordk3,fbaeldek3
725,sranglek4@uiuc.edu,dseniourk4,vgarkenk4
726,jcoughk5@nbcnews.com,ovalentinek5,ftroucherk5
727,fbolesk6@chicagotribune.com,gmccarlyk6,finnisk6
728,lgafferk7@adobe.com,tkennefickk7,jmcavink7
729,rbluesk8@dmoz.org,nstonerk8,xmackink8
730,lglidderk9@vimeo.com,anoonk9,tmiltonk9
731,mwissonka@samsung.com,cspickettka,gmacavddyka
732,tdurbridgekb@nymag.com,bfaceykb,msaerkb
733,rrothschildkc@latimes.com,aesterbrookkc,dkrierkc
734,eshercliffkd@fema.gov,atimmeskd,mmerlinkd
735,jrishbrookke@dmoz.org,cluceke,bbreadmoreke
736,eboylinkf@dedecms.com,lbroomhallkf,aboddiekf
737,sbrimmellkg@gov.uk,fpetrollikg,bscracekg
738,pcowlishawkh@histats.com,rkleimtkh,hforberkh
739,caspleki@archive.org,lspinozziki,hmesantki
740,tkeigkj@walmart.com,cglowaczkj,ethorsenkj
741,wargilekk@odnoklassniki.ru,bhryncewiczkk,pwrateskk
742,twaleskl@networkadvertising.org,jewingskl,bfeatherskl
743,mdelaperrellekm@yolasite.com,ndomotorkm,blukekm
744,lackermankn@spiegel.de,ejudkinkn,bpittlekn
745,dpersehouseko@sbwire.com,scorderoko,jlunamko
746,aheerankp@wp.com,bghiroldikp,gtrevinokp
747,lloadmankq@vistaprint.com,ragglionekq,arozsakq
748,balgorekr@xing.com,gspinikr,emarchmentkr
749,dmolnarks@usda.gov,dleifks,rcunneyks
750,jyushankinkt@behance.net,kratcliffkt,dmainlandkt
751,ealessandoneku@opera.com,mrizzettiku,akiehlku
752,dmacgorriekv@de.vu,wchitteykv,bthurlingkv
753,scancellerkw@ucsd.edu,glakemankw,akundtkw
754,jpanchinkx@intel.com,rgrimsdithkx,ihapperkx
755,bbeckittky@illinois.edu,gpullarky,pmusterdky
756,ksamettkz@cbslocal.com,fhallawellkz,mjanewkz
757,gbendl0@ocn.ne.jp,ttytlerl0,kkertonl0
758,fgladdingl1@bravesites.com,gyurukhinl1,fathowel1
759,dmobberleyl2@themeforest.net,kmacbethl2,alemonbyl2
760,bglaysherl3@free.fr,ggannicottl3,ccrutchl3
761,mmorpethl4@usnews.com,ngarfirthl4,risworthl4
762,tdeerel5@statcounter.com,olabell5,wtroupl5
763,ataysbill6@pbs.org,ppentonl6,rguerreirol6
764,jgrishinl7@vimeo.com,mprettjohnl7,mbushl7
765,brajchertl8@un.org,lscandrootl8,dboldl8
766,pbarleel9@t.co,wmcfaull9,hstampferl9
767,wmaskelynela@howstuffworks.com,cskimla,mstotherfieldla
768,ajarreltlb@tinyurl.com,espenslb,fwhitlandlb
769,cwaggattlc@scientificamerican.com,mdunnawaylc,bcaminlc
770,dgrenterld@shareasale.com,bkesonld,lpeyesld
771,mgunnle@smh.com.au,egochle,mdarwoodle
772,ctolcherlf@accuweather.com,claxlf,kspraguelf
773,ebrundilllg@simplemachines.org,breutherlg,achamneylg
774,gricardlh@independent.co.uk,jdulenlh,cmonetilh
775,rshinnerli@disqus.com,gdegoeyli,scudmoreli
776,dclowslj@friendfeed.com,ccripwelllj,thendrickslj
777,ewabblk@biblegateway.com,mhamfleetlk,kcinavaslk
778,pravensll@t.co,grohfsenll,acalanll
779,ckamenlm@linkedin.com,fandriollilm,gkanwelllm
780,sdollingln@reference.com,hsoreln,ggirtonln
781,ctocherlo@earthlink.net,lfredilo,churdedgelo
782,dholehouselp@cnbc.com,fharrielp,gmckeranlp
783,aknivettlq@smh.com.au,sbarnishlq,lyurygynlq
784,ehaeslierlr@mayoclinic.com,krudalllr,tbuckthorplr
785,cwillcockls@weather.com,bhorbathls,baitkenheadls
786,aterrelllt@nps.gov,nburruslt,nveryardlt
787,rtyttertonlu@dyndns.org,pkliemkelu,nmcgaughaylu
788,staffarellolv@e-recht24.de,ahempshalllv,esokelllv
789,wwarlowlw@tuttocitta.it,domullallylw,abyramlw
790,mmaylinglx@xing.com,dpedleylx,ddockreylx
791,ascimonely@cocolog-nifty.com,amatoshinly,gbenniely
792,hherculesonlz@github.io,aroblettlz,cmacerlz
793,nbalselliem0@fastcompany.com,bcattemullm0,kawmackm0
794,hbrazenerm1@de.vu,sroebuckm1,scossansm1
795,gtrimbym2@php.net,fwildborem2,mcrollym2
796,ncursonm3@wired.com,ocockm3,eiacovazzim3
797,mbillom4@google.nl,mfarmarm4,eanthoneym4
798,tcartanm5@cdc.gov,uhammondsm5,mslocumm5
799,lbonderm6@deviantart.com,omelanaphym6,cmatism6
800,smiskellym7@163.com,tstanlackm7,slortzingm7
801,bpurkissm8@sun.com,mmarfellm8,vhulkesm8
802,ebinksm9@youku.com,fheatonm9,rbourkem9
803,babramowskyma@woothemes.com,rsalsbergma,fproudleyma
804,wveelermb@weebly.com,kskittmb,kgraithmb
805,bghionemc@meetup.com,bsimkamc,cswatemc
806,forrismd@ebay.co.uk,lelingtonmd,jbruntjenmd
807,dbonnetme@wufoo.com,aseldonme,despasame
808,jwhitticksmf@columbia.edu,bvilliersmf,mallsopmf
809,kjaquetmg@yellowbook.com,nthuilliermg,nstegglesmg
810,rbraymh@sciencedaily.com,mmasdinmh,sklemensiewiczmh
811,vkearsmi@rediff.com,bruffmi,csingersmi
812,asibunmj@hatena.ne.jp,cberthotmj,oklimkomj
813,wuttermaremk@github.io,lcarnihanmk,whelmmk
814,shutsonml@businesswire.com,dbenesml,gthumimml
815,jlittrikmm@businessinsider.com,bbraimemm,gibbetsonmm
816,lplankemn@google.com,orobbmn,jgermainmn
817,pemmertmo@bloglines.com,fsineathmo,cdrakardmo
818,edrinkelmp@wunderground.com,kmericmp,dikringillmp
819,ksnaddinmq@list-manage.com,cgronowmq,wmosedalemq
820,ekonnekemr@addthis.com,gkillingbackmr,ctackettmr
821,eingmanms@nifty.com,onickelsms,wbromehedms
822,fstickellsmt@huffingtonpost.com,nwroemt,astallworthymt
823,pnovotnimu@census.gov,koloughnanmu,sjeppsmu
824,mwittletonmv@linkedin.com,dlawelesmv,jschrotermv
825,galbanmw@soundcloud.com,iraynardmw,odabernottmw
826,gboumphreymx@craigslist.org,cbeldonmx,uswiggmx
827,amajurymy@posterous.com,mlongfutmy,csantacrolemy
828,theckmz@epa.gov,ppetschelmz,erutgersmz
829,bmattinsonn0@google.co.uk,scasazzan0,dbumn0
830,dhaswelln1@eepurl.com,mlammertn1,qmewisn1
831,kskirvanen2@multiply.com,lgrisardn2,rstanbran2
832,owilcockn3@salon.com,phurtn3,mworlandn3
833,ggrahln4@yolasite.com,epatkinn4,nrochn4
834,bhandlinn5@phoca.cz,laustinn5,pkeighleyn5
835,tsendleyn6@tiny.cc,mbaxstaren6,alinturnn6
836,achermn7@oakley.com,gdiiorion7,cbroschken7
837,joatesn8@hexun.com,cjosilevichn8,aletteressen8
838,bcostelloen9@abc.net.au,dzoepheln9,dbissikern9
839,atellettna@weather.com,mpetruschna,sspellecyna
840,mtrainornb@slideshare.net,khumphriesnb,bberlingnb
841,hpencottnc@jugem.jp,ahampsteadnc,arydzynskinc
842,nhaworthnd@phoca.cz,pmcelrathnd,vkeslakend
843,dattwellne@cnn.com,bscawnne,tprobeyne
844,whowlingsnf@issuu.com,ketteridgenf,bsuermeiersnf
845,sdalemanng@businessweek.com,lgoodbournng,asollnerng
846,mfieldingnh@networkadvertising.org,ganniesnh,mbenznh
847,alacasani@google.com.au,gmccurlyeni,cbrawnni
848,twilkinsnj@dailymotion.com,ccollmannj,mowthwaitenj
849,heastamnk@epa.gov,okinninnk,apinchennk
850,bfomichyovnl@yahoo.com,aknowlmannl,hwonfarnl
851,amalpassnm@smh.com.au,dallattnm,kcoppardnm
852,rscoonnn@rambler.ru,rsharramnn,cgotthardnn
853,ckennonno@ca.gov,sauburyno,veylesno
854,cstaningnp@economist.com,cbarltropnp,lcorradinonp
855,fhackletonnq@angelfire.com,jsorbeynq,tmcdavidnq
856,wslocumnr@sourceforge.net,dbrufordnr,bmaundrellnr
857,clenoirns@w3.org,csloanns,bfourmanns
858,mmedendorpnt@domainmarket.com,anewtonnt,atolworthient
859,ewyllisnu@archive.org,agrafhomnu,mverryannu
860,pwarrattnv@geocities.com,wyearnsnv,zpaulmannnv
861,cbrosettinw@newsvine.com,ekorneichuknw,ktidgewellnw
862,cbordesnx@dagondesign.com,mgooddingnx,sgravellsnx
863,ojackettny@jugem.jp,lyateny,tdenerleyny
864,plattinnz@hatena.ne.jp,aingamellsnz,thannigannz
865,lharlero0@wikipedia.org,jmattockso0,eharfordo0
866,bdibbleo1@edublogs.org,ktouto1,rchato1
867,sbraddocko2@soundcloud.com,pfreddio2,jekello2
868,gscholefieldo3@sogou.com,bludlowo3,wsaynoro3
869,ypauluzzio4@indiegogo.com,gtimebyo4,isagero4
870,mwoollheado5@xing.com,sroukeo5,rrettieo5
871,kbarnisho6@dailymail.co.uk,jbarthorpeo6,tlauchlano6
872,cchino7@fastcompany.com,mwyreo7,smancktelowo7
873,cdebillo8@hc360.com,klamaro8,dhuycheo8
874,csilcoxo9@sbwire.com,rfawderyo9,tduboiso9
875,onewcomeoa@typepad.com,jmackainoa,bmecchioa
876,fpeacockeob@dell.com,jfarquarsonob,atebbittob
877,sfairlamboc@pagesperso-orange.fr,lchelamoc,jdeleaoc
878,bsapseedod@state.gov,gbickerstaffeod,toteagueod
879,gmclayoe@bbb.org,vunittoe,bhaglingtonoe
880,aputsonof@bbc.co.uk,afreedof,klattyof
881,sdorkinsog@google.cn,cskiggsog,rrihaog
882,ddaleoh@spotify.com,kocurrineoh,aelmoreoh
883,bwankaoi@mysql.com,lmillinsoi,dellitoi
884,vpasbyoj@naver.com,cpablooj,ljerzycowskioj
885,psommertonok@gov.uk,aboutellierok,pbilsborrowok
886,dmadginol@wordpress.com,cgiacopiniol,kmangonol
887,ajobbingsom@bandcamp.com,amcquaideom,tchelsomom
888,avalintineon@marriott.com,hsturdgesson,snanoon
889,syegorkinoo@lycos.com,mmaffeioo,bleftwichoo
890,apearseop@dagondesign.com,fshawcrossop,gcockshotop
891,lpicfordoq@furl.net,nkarchowskioq,jkikeoq
892,ccoadeor@auda.org.au,mduffittor,hfeldonor
893,gsicilyos@oakley.com,dmcfeeos,rspencelayhos
894,wdanilchevot@sogou.com,jvayroot,clingeot
895,ddurantou@yale.edu,rdiiorioou,jpaceou
896,gblaverov@yellowbook.com,lbrakeov,civakinov
897,nbarthelmeow@oracle.com,fbellfieldow,cweblinow
898,rtingeyox@biglobe.ne.jp,tmuckloeox,rnavanox
899,jrochewelloy@over-blog.com,gedinburoughoy,mbassfordoy
900,adjurevicoz@chronoengine.com,aslineoz,kmeachoz
901,prytonp0@bbc.co.uk,emizzenp0,mconneaup0
902,bbroosep1@discovery.com,jtiltp1,cruffeyp1
903,ldemeisp2@umn.edu,ldullardp2,dwoollcottp2
904,jgorglp3@unesco.org,kboundp3,asyrattp3
905,gbearwardp4@oracle.com,csoutterp4,sridsdolep4
906,aminardp5@sfgate.com,bprisleyp5,smacclenanp5
907,amcquodep6@wikispaces.com,vmuzzinip6,dmatteaup6
908,arobrosep7@rakuten.co.jp,phouseleyp7,emougelp7
909,hcorradip8@pinterest.com,ngoldisp8,aguidettip8
910,afriaryp9@umich.edu,lhambersp9,stroyesp9
911,ecaffinpa@cnn.com,lroscowpa,vmowatpa
912,cryottpb@accuweather.com,mmccuthaispb,iwenzelpb
913,eguerrinpc@goodreads.com,pmasurelpc,lkrollpc
914,agrogonapd@themeforest.net,gcorpepd,rnorawaypd
915,vhendrichpe@bloglines.com,hrandalspe,aaggispe
916,dparzizekpf@epa.gov,tgrindrodpf,jgloypf
917,raickinpg@artisteer.com,pitzkinpg,rharraginpg
918,okennaph@sakura.ne.jp,apashleyph,kwingarph
919,fresidepi@barnesandnoble.com,vdeernesspi,irosingdallpi
920,hklemzpj@nationalgeographic.com,mkilohpj,chuburnpj
921,sdimmnepk@uol.com.br,agraingepk,tmccolleypk
922,rbrittanpl@creativecommons.org,yrosencrantzpl,msetchellpl
923,knaisbetpm@addthis.com,dsleeppm,dhargrovespm
924,tmullengerpn@usda.gov,gmechipn,nwhitworthpn
925,lalexandroupo@gravatar.com,cwilsteadpo,ebeggipo
926,cromushkinpp@nasa.gov,lgarveypp,amacvicarpp
927,dhorickpq@umn.edu,nleithharveypq,hkilgourpq
928,eodbypr@phpbb.com,ciozefovichpr,sswatepr
929,asisnettps@epa.gov,mmullaneyps,rgriseps
930,psnarept@reference.com,alazenburypt,bmcevaypt
931,rscollickpu@arstechnica.com,ahirjakpu,mneeshampu
932,kitzigpv@xrea.com,ibaistowpv,jswainepv
933,mswaislandpw@digg.com,brigdenpw,wravenscroftpw
934,jbogeypx@istockphoto.com,glyonpx,vmelvillepx
935,lconsadinepy@chronoengine.com,wfinniganpy,ltschersichpy
936,ndefaupz@google.de,ocowhigpz,jgoodfellowepz
937,dholbyq0@bigcartel.com,skeransq0,cclamoq0
938,cgoldingayq1@networkadvertising.org,yvaughanq1,lbiggarq1
939,fayliffq2@tiny.cc,wpolkinghorneq2,dmccloshq2
940,llavigneq3@about.com,ckintzelq3,imassingerq3
941,mmylechreestq4@hp.com,ejeremiahq4,lguerreauq4
942,ebloysq5@ifeng.com,agranhamq5,lronchkaq5
943,lleithharveyq6@sitemeter.com,iaslumq6,docurraneq6
944,abortonq7@youku.com,bdewq7,sgaisfordq7
945,btattersfieldq8@army.mil,dkittleyq8,aweedonq8
946,cfairhurstq9@tumblr.com,dmactrustyq9,rrisbyq9
947,spilsburyqa@admin.ch,cugolottiqa,zdeenerqa
948,jshippardqb@usnews.com,jhornigqb,jswainstonqb
949,ppailinqc@nbcnews.com,alamasnaqc,cklosserqc
950,jcarpqd@dion.ne.jp,phonniebalqd,kswanneqd
951,dharesignqe@blogtalkradio.com,bgoodgerqe,lgammillqe
952,bgarteryqf@paypal.com,lloberqf,washwoodqf
953,ehaskeyqg@upenn.edu,aclitheroeqg,medmeadesqg
954,bmcnabqh@forbes.com,sgogginqh,nsinclairqh
955,agrutchfieldqi@free.fr,tcruceqi,pmellqi
956,hjammesqj@imdb.com,qcameranaqj,cfirmageqj
957,mvizorqk@columbia.edu,gvaldesqk,zghiraldiqk
958,uwoakesql@odnoklassniki.ru,nboissierql,hgarbuttql
959,htoulamainqm@latimes.com,agotterqm,jtrimmillqm
960,psleemanqn@tripod.com,lgravellqn,lhickissonqn
961,pcordayqo@sina.com.cn,cgrasqo,jbattanyqo
962,cordemannqp@livejournal.com,dcamdenqp,sreaveyqp
963,wklainerqq@moonfruit.com,smccarronqq,ddavenhillqq
964,dcullimoreqr@usda.gov,ehinksenqr,ceelesqr
965,dcurmqs@qq.com,reverallqs,anewberyqs
966,hfarleyqt@washington.edu,drixqt,lliddleqt
967,ddoumerquequ@usgs.gov,hgorickequ,rsouthcottqu
968,cfallowfieldqv@addtoany.com,gpillmanqv,tjirickqv
969,dmolfinoqw@vk.com,ymutimerqw,mcaldowqw
970,rlealqx@woothemes.com,bdraaismaqx,wswiersqx
971,conolanqy@addtoany.com,sridlerqy,chullqy
972,eandraultqz@barnesandnoble.com,mkhomichqz,plecordierqz
973,dmaricr0@google.es,tpossar0,awhittyr0
974,ecarmer1@jigsy.com,psamarthr1,dsprader1
975,nadinr2@godaddy.com,avondrysr2,dellissenr2
976,obarthramr3@cpanel.net,vprinettr3,mkaufmanr3
977,fperrir4@buzzfeed.com,tmounsier4,fhallsworthr4
978,rdarviller5@ucoz.com,dtattamr5,hhaldonr5
979,nricharzr6@wiley.com,cfinlaysonr6,jjaslemr6
980,ilimeburnr7@whitehouse.gov,ostampferr7,zdehooghr7
981,ehayersr8@prlog.org,pwaggattr8,uchatanr8
982,dpentonyr9@hud.gov,bbelchemr9,cbrabbenr9
983,aplettsra@posterous.com,hgreensidera,agodballra
984,cgreaverb@about.me,bdeardsrb,erainfordrb
985,cdhoogherc@bandcamp.com,gmikalskirc,msolanorc
986,ljouanotrd@microsoft.com,rmcdarmidrd,djanousrd
987,ithomelinre@sourceforge.net,troycraftre,mellawayre
988,dhaverf@google.ca,sbrolechanrf,jrankingrf
989,hverryanrg@xing.com,ahartburnrg,vbiskupskirg
990,pjiranekrh@vistaprint.com,kbowierh,ccopinrh
991,dyaneleri@hostgator.com,bpinnijarri,mstonhouseri
992,hbrazearrj@pcworld.com,bvedeniktovrj,agummowrj
993,cgledhillrk@about.me,daumerlerk,ctoozerk
994,ssibbonsrl@discovery.com,cstonhamrl,ikezarrl
995,nsnaddonrm@vkontakte.ru,adakerm,oginglellrm
996,bmingauldrn@aboutads.info,ahofnerrn,ktoplissrn
997,uaspallro@disqus.com,jquerreero,hmartinekro
998,abaldonirp@lulu.com,tblacklawerp,pwarboyrp
999,vyeardsleyrq@wired.com,fchantrellrq,nmechirq
1000,hsellwoodrr@purevolume.com,ccrudgerr,cburbankrr
